{"cameraMode":{"drawMode":0,"name":"Shaded","section":"Shading Mode"},"sceneLighting":true,"audioPlay":false,"sceneViewState":{"m_AlwaysRefresh":false,"showFog":true,"showSkybox":true,"showFlares":true,"showImageEffects":true,"showParticleSystems":true,"showVisualEffectGraphs":true,"m_FxEnabled":true},"in2DMode":false,"pivot":{"x":-1.543993592262268,"y":9.928976058959961,"z":35.29199981689453},"rotation":{"x":0.01259977463632822,"y":0.013590934686362744,"z":0.00016838058945722878,"w":-0.9998378157615662},"size":19.80698013305664,"orthographic":false}