{"cameraMode":{"drawMode":0,"name":"Shaded","section":"Shading Mode"},"sceneLighting":true,"audioPlay":false,"sceneViewState":{"m_AlwaysRefresh":false,"showFog":true,"showSkybox":true,"showFlares":true,"showImageEffects":true,"showParticleSystems":true,"showVisualEffectGraphs":true,"m_FxEnabled":true},"in2DMode":false,"pivot":{"x":-3.1013238430023195,"y":-0.8568916320800781,"z":17.220216751098634},"rotation":{"x":0.08024551719427109,"y":-0.040358155965805057,"z":0.0032517071813344957,"w":0.9959529638290405},"size":19.6124210357666,"orthographic":false}